{
    "accuracy": 0.8295454545454546,
    "precision": 0.8344017094017094,
    "recall": 0.8248572911261027,
    "f1": 0.8268398268398269,
    "MCC": 0.6591899072776449,
    "best_params": {
        "C": 2,
        "gamma": 0.5
    }
}